<?xml version="1.0" encoding="UTF-8"?>
<metadata xml:lang="en"><Esri><CreaDate>20140113</CreaDate><CreaTime>14251000</CreaTime><ArcGISFormat>1.0</ArcGISFormat><SyncOnce>TRUE</SyncOnce><DataProperties><itemProps><itemLocation><linkage Sync="TRUE">file://\\ad.unc.edu\cas\awmc\GIS_Material\Base\shapefiles\physical_data\oasis\oasis</linkage><protocol Sync="TRUE">Local Area Network</protocol></itemLocation></itemProps><copyHistory><copy source="X:\GIS_Material\Base\shapefiles\physical_data\oasis" dest="\\ad.unc.edu\cas\awmc\GIS_Material\Base\shapefiles\physical_data\oasis\oasis" date="20140113" time="14251000"></copy></copyHistory></DataProperties></Esri></metadata>
