<?xml version="1.0"?>
<!--<!DOCTYPE metadata SYSTEM "http://www.esri.com/metadata/esriprof80.dtd">-->
<metadata xml:lang="en"><Esri><CreaDate>20121008</CreaDate><CreaTime>09554200</CreaTime><SyncOnce>TRUE</SyncOnce><ArcGISFormat>1.0</ArcGISFormat></Esri><idinfo><citation><citeinfo><onlink Sync="TRUE">\\AWMCHERC\D\badigit\lineWork\boundaries\baBoundaries.mdb</onlink></citeinfo></citation></idinfo><distInfo><distributor><distorTran><onLineSrc><linkage Sync="TRUE">file://\\AWMCHERC\D\badigit\lineWork\boundaries\baBoundaries.mdb</linkage><protocol Sync="TRUE">Local Area Network</protocol></onLineSrc></distorTran></distributor></distInfo><dataqual><lineage><procstep><procdesc Sync="TRUE">Dataset copied.</procdesc><srcused Sync="TRUE">D:\badigit\lineWork\shpRaw\Map101\province101</srcused><date Sync="TRUE">20031008</date><time Sync="TRUE">14292900</time></procstep><procstep><procdesc Sync="TRUE">Dataset copied.</procdesc><srcused Sync="TRUE">D:\badigit\lineWork\shpCooked\Map101\province101</srcused><date Sync="TRUE">20031008</date><time Sync="TRUE">14311400</time></procstep><procstep><procdesc Sync="TRUE">Dataset copied.</procdesc><srcused Sync="TRUE">D:\badigit\lineWork\shpCombined\Map101\province101</srcused><date Sync="TRUE">20031009</date><time Sync="TRUE">17364500</time></procstep><procstep><procdesc Sync="TRUE">Dataset copied.</procdesc><srcused Sync="TRUE"></srcused><date Sync="TRUE">20031015</date><time Sync="TRUE">09343500</time></procstep></lineage></dataqual></metadata>
