<?xml version="1.0" encoding="UTF-8"?>
<metadata xml:lang="en"><Esri><CreaDate>20121008</CreaDate><CreaTime>10002400</CreaTime><SyncOnce>TRUE</SyncOnce><DataProperties><itemProps><itemLocation><linkage Sync="TRUE">file://\\ad.unc.edu\cas\awmc\GIS_Material\Base\shapefiles\roman_empire\Roman_Empire_Around_AD_75</linkage><protocol Sync="TRUE">Local Area Network</protocol></itemLocation></itemProps><copyHistory><copy source="X:\GIS_Material\Base\shapefiles\empires_shading\Roman_Empire_Around_AD_75" dest="\\ad.unc.edu\cas\awmc\GIS_Material\Base\shapefiles\roman_empire\Roman_Empire_Around_AD_75" date="20121008" time="10002400"></copy></copyHistory></DataProperties></Esri></metadata>
