<?xml version="1.0" encoding="UTF-8"?>
<metadata xml:lang="en"><Esri><CreaDate>20120409</CreaDate><CreaTime>13264600</CreaTime><ArcGISFormat>1.0</ArcGISFormat><SyncOnce>TRUE</SyncOnce><DataProperties><itemProps><itemLocation><linkage Sync="TRUE">file://\\ad.unc.edu\cas\awmc\GIS_Material\physical_data\lava_distorted_surface\ba_lava_distorted_surface</linkage><protocol Sync="TRUE">Local Area Network</protocol></itemLocation></itemProps><copyHistory><copy source="X:\GIS_Material\physical_data\ba_lava_distorted_surface" dest="\\ad.unc.edu\cas\awmc\GIS_Material\physical_data\lava_distorted_surface\ba_lava_distorted_surface" date="20120409" time="13264600"></copy></copyHistory></DataProperties></Esri></metadata>
