<?xml version="1.0" encoding="UTF-8"?>
<metadata xml:lang="en"><Esri><CreaDate>20121008</CreaDate><CreaTime>09594700</CreaTime><SyncOnce>TRUE</SyncOnce><DataProperties><itemProps><itemLocation><linkage Sync="TRUE">file://\\ad.unc.edu\cas\awmc\GIS_Material\Base\shapefiles\roman_empire\ba_100_prov_boundaries</linkage><protocol Sync="TRUE">Local Area Network</protocol></itemLocation></itemProps><copyHistory><copy source="X:\GIS_Material\Base\shapefiles\roman_empire\prov_boundaries\ba_100_prov_boundaries" dest="\\ad.unc.edu\cas\awmc\GIS_Material\Base\shapefiles\roman_empire\ba_100_prov_boundaries" date="20121008" time="09594700"></copy></copyHistory></DataProperties></Esri></metadata>
