<?xml version="1.0" encoding="UTF-8"?>
<metadata xml:lang="en"><Esri><CreaDate>20140604</CreaDate><CreaTime>12463300</CreaTime><ArcGISFormat>1.0</ArcGISFormat><SyncOnce>TRUE</SyncOnce><DataProperties><itemProps><itemLocation><linkage Sync="TRUE">file://\\ad.unc.edu\cas\awmc\GIS_Material\Base\shapefiles\cultural_data\tumuli\tumuli</linkage><protocol Sync="TRUE">Local Area Network</protocol></itemLocation></itemProps><copyHistory><copy source="X:\GIS_Material\Base\shapefiles\cultural_data\pleiades_places\tumuli" dest="\\ad.unc.edu\cas\awmc\GIS_Material\Base\shapefiles\cultural_data\tumuli\tumuli" date="20140604" time="12463300"></copy></copyHistory></DataProperties></Esri></metadata>
