<?xml version="1.0" encoding="UTF-8"?>
<metadata xml:lang="en"><Esri><CreaDate>20140611</CreaDate><CreaTime>13082000</CreaTime><ArcGISFormat>1.0</ArcGISFormat><SyncOnce>TRUE</SyncOnce><DataProperties><itemProps><itemLocation><linkage Sync="TRUE">file://\\ad.unc.edu\cas\awmc\GIS_Material\Base\shapefiles\cultural_data\cemeteries\cemeteries</linkage><protocol Sync="TRUE">Local Area Network</protocol></itemLocation></itemProps><copyHistory><copy source="X:\GIS_Material\Base\shapefiles\cultural_data\centuriation\cemeteries" dest="\\ad.unc.edu\cas\awmc\GIS_Material\Base\shapefiles\cultural_data\cemeteries\cemeteries" date="20140611" time="13082000"></copy></copyHistory></DataProperties></Esri></metadata>
