<?xml version="1.0" encoding="UTF-8"?>
<metadata xml:lang="en"><Esri><CreaDate>20130123</CreaDate><CreaTime>11564200</CreaTime><ArcGISFormat>1.0</ArcGISFormat><SyncOnce>TRUE</SyncOnce><DataProperties><itemProps><itemLocation><linkage Sync="TRUE">file://\\ad.unc.edu\cas\awmc\GIS_Material\cultural_data\Centuriation\ba_centuriation</linkage><protocol Sync="TRUE">Local Area Network</protocol></itemLocation></itemProps><copyHistory><copy source="X:\GIS_Material\cultural_data\ba_centuriation" dest="\\ad.unc.edu\cas\awmc\GIS_Material\cultural_data\Centuriation\ba_centuriation" date="20120409" time="09100100"></copy></copyHistory></DataProperties></Esri></metadata>
