<?xml version="1.0" encoding="UTF-8"?>
<metadata xml:lang="en"><Esri><CreaDate>20121008</CreaDate><CreaTime>09594700</CreaTime><SyncOnce>TRUE</SyncOnce><DataProperties><itemProps><itemLocation><linkage Sync="TRUE">file://\\ad.unc.edu\cas\awmc\GIS_Material\Base\shapefiles\roman_empire\Italy_shading</linkage><protocol Sync="TRUE">Local Area Network</protocol></itemLocation></itemProps><copyHistory><copy source="X:\GIS_Material\Base\shapefiles\roman_empire\prov_boundaries\Italy_shading" dest="\\ad.unc.edu\cas\awmc\GIS_Material\Base\shapefiles\roman_empire\Italy_shading" date="20121008" time="09594700"></copy></copyHistory></DataProperties></Esri></metadata>
